CustomerID,Invoice,
14911,188,1
12748,175,2
17841,118,3
13089,89,4
14606,84,5
15311,82,6
12971,81,7
14646,71,8
13408,57,9
16029,56,10
18102,56,11
13798,55,12
14156,54,13
14527,51,14
13694,48,15
16422,48,16
15039,45,17
17450,44,18
17949,44,19
16013,42,20
15189,41,21
14298,39,22
17811,39,23
13199,36,24
15061,36,25
17961,36,26
12921,35,27
13263,35,28
17315,35,29
17389,34,30
13468,33,31
16133,33,32
16839,33,33
12569,32,34
13767,31,35
14735,30,36
12682,29,37
17675,29,38
12901,28,39
13018,28,40
13098,28,41
15078,28,42
15159,28,43
17511,28,44
15005,26,45
16168,26,46
17381,26,47
17428,26,48
17677,26,49
17757,26,50
12471,25,51
15498,25,52
15769,25,53
13078,24,54
15856,24,55
16525,24,56
16684,24,57
18109,24,58
18118,24,59
12720,23,60
12841,23,61
13113,23,62
13534,23,63
13777,23,64
13854,23,65
14056,23,66
17243,23,67
17581,23,68
13102,22,69
13319,22,70
16333,22,71
14180,21,72
14194,21,73
14560,21,74
16523,21,75
16729,21,76
17857,21,77
12681,20,78
13069,20,79
13668,20,80
13881,20,81
14051,20,82
14667,20,83
14688,20,84
14849,20,85
14895,20,86
15358,20,87
15615,20,88
16672,20,89
16779,20,90
16814,20,91
18172,20,92
13599,19,93
14397,19,94
16353,19,95
16931,19,96
17068,19,97
12437,18,98
12474,18,99
12621,18,100
14534,18,101
14562,18,102
15838,18,103
16033,18,104
16558,18,105
16705,18,106
16923,18,107
16945,18,108
17306,18,109
17735,18,110
17865,18,111
18041,18,112
18229,18,113
13004,17,114
13267,17,115
13576,17,116
13969,17,117
14096,17,118
15144,17,119
15290,17,120
15513,17,121
16458,17,122
16626,17,123
16745,17,124
16746,17,125
17377,17,126
17576,17,127
18198,17,128
18241,17,129
12540,16,130
14031,16,131
14060,16,132
14217,16,133
14367,16,134
14702,16,135
15465,16,136
15805,16,137
16161,16,138
16592,16,139
16843,16,140
16928,16,141
18283,16,142
13695,15,143
13985,15,144
14057,15,145
14085,15,146
14543,15,147
14796,15,148
15046,15,149
15125,15,150
15187,15,151
15738,15,152
15939,15,153
16187,15,154
17017,15,155
17238,15,156
17719,15,157
17920,15,158
12583,14,159
12989,14,160
14189,14,161
14282,14,162
14607,14,163
14680,14,164
15271,14,165
16011,14,166
16210,14,167
16326,14,168
16656,14,169
16904,14,170
17611,14,171
17613,14,172
17706,14,173
12709,13,174
12757,13,175
12931,13,176
13001,13,177
13050,13,178
13230,13,179
13269,13,180
13418,13,181
13458,13,182
13709,13,183
13871,13,184
14088,13,185
14191,13,186
15044,13,187
15152,13,188
15249,13,189
15291,13,190
15547,13,191
15555,13,192
15719,13,193
15804,13,194
15955,13,195
16713,13,196
16764,13,197
17220,13,198
17346,13,199
17730,13,200
18223,13,201
12683,12,202
12839,12,203
13266,12,204
13488,12,205
13552,12,206
13571,12,207
13742,12,208
13880,12,209
14040,12,210
14092,12,211
14110,12,212
14401,12,213
14415,12,214
14709,12,215
14944,12,216
15194,12,217
15601,12,218
15640,12,219
15827,12,220
15867,12,221
15971,12,222
16241,12,223
16401,12,224
16607,12,225
16678,12,226
16700,12,227
16701,12,228
17139,12,229
17652,12,230
17965,12,231
18065,12,232
18073,12,233
12500,11,234
12523,11,235
12712,11,236
12731,11,237
12877,11,238
12955,11,239
13013,11,240
13090,11,241
13094,11,242
13148,11,243
13268,11,244
13629,11,245
13631,11,246
13756,11,247
13784,11,248
13983,11,249
13999,11,250
14132,11,251
14135,11,252
14239,11,253
14291,11,254
14462,11,255
14502,11,256
14711,11,257
14755,11,258
14776,11,259
15058,11,260
15129,11,261
15218,11,262
15251,11,263
15298,11,264
15301,11,265
15611,11,266
15694,11,267
15854,11,268
16186,11,269
16191,11,270
16393,11,271
16712,11,272
16722,11,273
16767,11,274
16782,11,275
16818,11,276
16837,11,277
16912,11,278
17061,11,279
17364,11,280
17404,11,281
17644,11,282
17690,11,283
17716,11,284
17725,11,285
17870,11,286
17975,11,287
18225,11,288
18226,11,289
12362,10,290
12395,10,291
12476,10,292
12490,10,293
12553,10,294
12662,10,295
13014,10,296
13178,10,297
13184,10,298
13700,10,299
14099,10,300
14159,10,301
14227,10,302
14426,10,303
14800,10,304
14810,10,305
14825,10,306
14866,10,307
14952,10,308
15023,10,309
15033,10,310
15114,10,311
15150,10,312
15373,10,313
15482,10,314
16076,10,315
16145,10,316
16407,10,317
16426,10,318
16549,10,319
16553,10,320
16570,10,321
16670,10,322
16775,10,323
16794,10,324
16813,10,325
17001,10,326
17162,10,327
17402,10,328
17419,10,329
17512,10,330
17651,10,331
17659,10,332
17769,10,333
17858,10,334
17940,10,335
17954,10,336
18144,10,337
12428,9,338
12584,9,339
12594,9,340
12619,9,341
12626,9,342
12664,9,343
12708,9,344
12747,9,345
13081,9,346
13082,9,347
13097,9,348
13183,9,349
13305,9,350
13324,9,351
13426,9,352
13588,9,353
13704,9,354
13755,9,355
13769,9,356
13890,9,357
13911,9,358
13993,9,359
14032,9,360
14062,9,361
14211,9,362
14221,9,363
14258,9,364
14292,9,365
14410,9,366
14456,9,367
14587,9,368
14659,9,369
14701,9,370
14704,9,371
14713,9,372
14733,9,373
15059,9,374
15235,9,375
15281,9,376
15502,9,377
15529,9,378
15570,9,379
15581,9,380
15606,9,381
15622,9,382
15687,9,383
15984,9,384
16156,9,385
16293,9,386
16359,9,387
16919,9,388
16942,9,389
16985,9,390
17049,9,391
17071,9,392
17231,9,393
17340,9,394
17491,9,395
17504,9,396
17530,9,397
17634,9,398
17705,9,399
17750,9,400
17790,9,401
17799,9,402
17800,9,403
17809,9,404
18008,9,405
18044,9,406
18061,9,407
18075,9,408
18077,9,409
12352,8,410
12417,8,411
12464,8,412
12481,8,413
12483,8,414
12524,8,415
12567,8,416
12600,8,417
12637,8,418
12647,8,419
12678,8,420
12704,8,421
12843,8,422
12910,8,423
12939,8,424
12949,8,425
12957,8,426
12980,8,427
13012,8,428
13021,8,429
13137,8,430
13394,8,431
13491,8,432
13725,8,433
13842,8,434
13862,8,435
13870,8,436
13971,8,437
14071,8,438
14243,8,439
14262,8,440
14299,8,441
14309,8,442
14341,8,443
14364,8,444
14390,8,445
14395,8,446
14524,8,447
14525,8,448
14541,8,449
14547,8,450
14573,8,451
14730,8,452
14732,8,453
14808,8,454
14868,8,455
14878,8,456
14936,8,457
15021,8,458
15024,8,459
15134,8,460
15214,8,461
15241,8,462
15356,8,463
15410,8,464
15518,8,465
15521,8,466
15544,8,467
15628,8,468
15632,8,469
15660,8,470
15696,8,471
15737,8,472
15796,8,473
15845,8,474
15861,8,475
15910,8,476
15932,8,477
15981,8,478
16019,8,479
16115,8,480
16180,8,481
16638,8,482
16710,8,483
16910,8,484
16954,8,485
17091,8,486
17114,8,487
17173,8,488
17293,8,489
17314,8,490
17365,8,491
17368,8,492
17509,8,493
17528,8,494
17758,8,495
17837,8,496
17848,8,497
17861,8,498
17997,8,499
18092,8,500
18219,8,501
18257,8,502
12423,7,503
12562,7,504
12598,7,505
12599,7,506
12684,7,507
12705,7,508
12727,7,509
12779,7,510
12935,7,511
12948,7,512
12963,7,513
13047,7,514
13110,7,515
13139,7,516
13209,7,517
13232,7,518
13340,7,519
13384,7,520
13435,7,521
13437,7,522
13527,7,523
13536,7,524
13538,7,525
13549,7,526
13610,7,527
13630,7,528
13685,7,529
13743,7,530
13804,7,531
14004,7,532
14112,7,533
14178,7,534
14329,7,535
14334,7,536
14388,7,537
14408,7,538
14472,7,539
14505,7,540
14572,7,541
14653,7,542
14738,7,543
14769,7,544
14794,7,545
14854,7,546
14961,7,547
15034,7,548
15105,7,549
15140,7,550
15270,7,551
15304,7,552
15365,7,553
15370,7,554
15443,7,555
15453,7,556
15473,7,557
15514,7,558
15527,7,559
15572,7,560
15602,7,561
15671,7,562
15860,7,563
15874,7,564
15903,7,565
15906,7,566
15953,7,567
15974,7,568
15993,7,569
16016,7,570
16057,7,571
16107,7,572
16242,7,573
16255,7,574
16265,7,575
16266,7,576
16316,7,577
16332,7,578
16348,7,579
16365,7,580
16434,7,581
16466,7,582
16474,7,583
16609,7,584
16652,7,585
16744,7,586
16791,7,587
16817,7,588
16880,7,589
16929,7,590
16966,7,591
16987,7,592
17063,7,593
17069,7,594
17097,7,595
17133,7,596
17164,7,597
17193,7,598
17218,7,599
17323,7,600
17338,7,601
17396,7,602
17416,7,603
17434,7,604
17451,7,605
17490,7,606
17562,7,607
17567,7,608
17629,7,609
17663,7,610
17669,7,611
17686,7,612
17888,7,613
17988,7,614
18055,7,615
18094,7,616
18230,7,617
12347,6,618
12472,6,619
12477,6,620
12528,6,621
12627,6,622
12643,6,623
12676,6,624
12685,6,625
12726,6,626
12766,6,627
12778,6,628
12783,6,629
12826,6,630
12828,6,631
12830,6,632
12853,6,633
12856,6,634
12867,6,635
12919,6,636
12951,6,637
13117,6,638
13126,6,639
13208,6,640
13225,6,641
13246,6,642
13327,6,643
13381,6,644
13450,6,645
13456,6,646
13477,6,647
13509,6,648
13590,6,649
13650,6,650
13654,6,651
13717,6,652
13728,6,653
13752,6,654
13782,6,655
13924,6,656
13949,6,657
13953,6,658
13975,6,659
13988,6,660
13991,6,661
13994,6,662
14030,6,663
14083,6,664
14101,6,665
14107,6,666
14188,6,667
14201,6,668
14209,6,669
14289,6,670
14312,6,671
14315,6,672
14414,6,673
14422,6,674
14432,6,675
14434,6,676
14466,6,677
14482,6,678
14503,6,679
14507,6,680
14515,6,681
14530,6,682
14533,6,683
14595,6,684
14640,6,685
14676,6,686
14696,6,687
14739,6,688
14744,6,689
14834,6,690
14852,6,691
14883,6,692
14901,6,693
14948,6,694
14976,6,695
15089,6,696
15203,6,697
15220,6,698
15296,6,699
15351,6,700
15379,6,701
15382,6,702
15491,6,703
15508,6,704
15708,6,705
15727,6,706
15750,6,707
15752,6,708
15755,6,709
15764,6,710
15864,6,711
15916,6,712
15987,6,713
16027,6,714
16098,6,715
16103,6,716
16131,6,717
16170,6,718
16173,6,719
16184,6,720
16218,6,721
16360,6,722
16419,6,723
16497,6,724
16500,6,725
16531,6,726
16556,6,727
16600,6,728
16633,6,729
16655,6,730
16668,6,731
16681,6,732
16686,6,733
16719,6,734
16743,6,735
16790,6,736
16841,6,737
16871,6,738
16877,6,739
16905,6,740
16915,6,741
16918,6,742
16949,6,743
16979,6,744
16983,6,745
16989,6,746
17027,6,747
17050,6,748
17086,6,749
17090,6,750
17107,6,751
17109,6,752
17135,6,753
17160,6,754
17183,6,755
17188,6,756
17203,6,757
17228,6,758
17284,6,759
17288,6,760
17372,6,761
17386,6,762
17422,6,763
17426,6,764
17442,6,765
17449,6,766
17591,6,767
17596,6,768
17602,6,769
17612,6,770
17655,6,771
17673,6,772
17696,6,773
17723,6,774
17739,6,775
17867,6,776
17874,6,777
17924,6,778
18122,6,779
18139,6,780
18177,6,781
18179,6,782
18180,6,783
18210,6,784
18236,6,785
18245,6,786
18272,6,787
12407,5,788
12408,5,789
12433,5,790
12444,5,791
12451,5,792
12473,5,793
12494,5,794
12502,5,795
12518,5,796
12520,5,797
12576,5,798
12601,5,799
12654,5,800
12656,5,801
12670,5,802
12714,5,803
12721,5,804
12723,5,805
12749,5,806
12775,5,807
12823,5,808
12868,5,809
12906,5,810
12909,5,811
12912,5,812
12947,5,813
13015,5,814
13026,5,815
13027,5,816
13079,5,817
13093,5,818
13104,5,819
13118,5,820
13136,5,821
13138,5,822
13141,5,823
13198,5,824
13213,5,825
13265,5,826
13309,5,827
13313,5,828
13323,5,829
13397,5,830
13410,5,831
13451,5,832
13481,5,833
13499,5,834
13520,5,835
13524,5,836
13575,5,837
13593,5,838
13623,5,839
13632,5,840
13634,5,841
13636,5,842
13658,5,843
13719,5,844
13750,5,845
13758,5,846
13808,5,847
13824,5,848
13831,5,849
13860,5,850
13875,5,851
13882,5,852
13883,5,853
13884,5,854
13901,5,855
13956,5,856
13995,5,857
14005,5,858
14035,5,859
14064,5,860
14077,5,861
14078,5,862
14102,5,863
14116,5,864
14129,5,865
14210,5,866
14214,5,867
14215,5,868
14226,5,869
14232,5,870
14235,5,871
14251,5,872
14257,5,873
14307,5,874
14321,5,875
14344,5,876
14404,5,877
14407,5,878
14419,5,879
14428,5,880
14447,5,881
14487,5,882
14493,5,883
14511,5,884
14546,5,885
14553,5,886
14583,5,887
14623,5,888
14639,5,889
14665,5,890
14691,5,891
14698,5,892
14719,5,893
14745,5,894
14766,5,895
14841,5,896
14898,5,897
14903,5,898
14931,5,899
14963,5,900
14978,5,901
15038,5,902
15093,5,903
15106,5,904
15117,5,905
15132,5,906
15172,5,907
15179,5,908
15201,5,909
15227,5,910
15240,5,911
15253,5,912
15260,5,913
15267,5,914
15400,5,915
15434,5,916
15493,5,917
15505,5,918
15511,5,919
15569,5,920
15594,5,921
15674,5,922
15681,5,923
15712,5,924
15722,5,925
15785,5,926
15809,5,927
15812,5,928
15815,5,929
15855,5,930
15938,5,931
15996,5,932
16042,5,933
16059,5,934
16066,5,935
16085,5,936
16128,5,937
16172,5,938
16209,5,939
16225,5,940
16249,5,941
16258,5,942
16283,5,943
16306,5,944
16327,5,945
16362,5,946
16394,5,947
16395,5,948
16409,5,949
16438,5,950
16440,5,951
16477,5,952
16515,5,953
16566,5,954
16618,5,955
16628,5,956
16682,5,957
16709,5,958
16717,5,959
16735,5,960
16748,5,961
16750,5,962
16771,5,963
16809,5,964
16873,5,965
16875,5,966
16892,5,967
16899,5,968
16992,5,969
17042,5,970
17054,5,971
17131,5,972
17211,5,973
17213,5,974
17214,5,975
17227,5,976
17236,5,977
17287,5,978
17302,5,979
17348,5,980
17410,5,981
17412,5,982
17457,5,983
17463,5,984
17469,5,985
17516,5,986
17519,5,987
17522,5,988
17554,5,989
17560,5,990
17609,5,991
17656,5,992
17667,5,993
17676,5,994
17682,5,995
17685,5,996
17744,5,997
17754,5,998
17770,5,999
17813,5,1000
17819,5,1001
17863,5,1002
17930,5,1003
17937,5,1004
17966,5,1005
18037,5,1006
18069,5,1007
18097,5,1008
18116,5,1009
18135,5,1010
18161,5,1011
18171,5,1012
18211,5,1013
18221,5,1014
18231,5,1015
18237,5,1016
18260,5,1017
12364,4,1018
12380,4,1019
12383,4,1020
12399,4,1021
12421,4,1022
12432,4,1023
12449,4,1024
12455,4,1025
12457,4,1026
12463,4,1027
12480,4,1028
12484,4,1029
12517,4,1030
12530,4,1031
12539,4,1032
12557,4,1033
12597,4,1034
12610,4,1035
12613,4,1036
12615,4,1037
12633,4,1038
12645,4,1039
12657,4,1040
12674,4,1041
12679,4,1042
12680,4,1043
12691,4,1044
12693,4,1045
12695,4,1046
12700,4,1047
12722,4,1048
12724,4,1049
12728,4,1050
12782,4,1051
12820,4,1052
12836,4,1053
12840,4,1054
12845,4,1055
12883,4,1056
12913,4,1057
12916,4,1058
12924,4,1059
12928,4,1060
12936,4,1061
12937,4,1062
12952,4,1063
12970,4,1064
12993,4,1065
12997,4,1066
13048,4,1067
13064,4,1068
13092,4,1069
13107,4,1070
13115,4,1071
13134,4,1072
13147,4,1073
13149,4,1074
13157,4,1075
13158,4,1076
13159,4,1077
13162,4,1078
13167,4,1079
13168,4,1080
13196,4,1081
13200,4,1082
13203,4,1083
13220,4,1084
13247,4,1085
13277,4,1086
13285,4,1087
13297,4,1088
13301,4,1089
13316,4,1090
13317,4,1091
13320,4,1092
13362,4,1093
13429,4,1094
13471,4,1095
13475,4,1096
13489,4,1097
13505,4,1098
13507,4,1099
13510,4,1100
13515,4,1101
13523,4,1102
13555,4,1103
13558,4,1104
13577,4,1105
13592,4,1106
13614,4,1107
13627,4,1108
13644,4,1109
13647,4,1110
13680,4,1111
13681,4,1112
13720,4,1113
13735,4,1114
13748,4,1115
13771,4,1116
13813,4,1117
13815,4,1118
13835,4,1119
13865,4,1120
13892,4,1121
13895,4,1122
13908,4,1123
13925,4,1124
13928,4,1125
13940,4,1126
13941,4,1127
13950,4,1128
13984,4,1129
14044,4,1130
14047,4,1131
14049,4,1132
14111,4,1133
14121,4,1134
14141,4,1135
14145,4,1136
14146,4,1137
14163,4,1138
14167,4,1139
14173,4,1140
14177,4,1141
14198,4,1142
14216,4,1143
14224,4,1144
14233,4,1145
14234,4,1146
14273,4,1147
14285,4,1148
14290,4,1149
14297,4,1150
14336,4,1151
14342,4,1152
14352,4,1153
14360,4,1154
14403,4,1155
14409,4,1156
14440,4,1157
14441,4,1158
14446,4,1159
14467,4,1160
14477,4,1161
14498,4,1162
14504,4,1163
14506,4,1164
14522,4,1165
14554,4,1166
14584,4,1167
14591,4,1168
14609,4,1169
14621,4,1170
14626,4,1171
14649,4,1172
14655,4,1173
14657,4,1174
14662,4,1175
14673,4,1176
14684,4,1177
14692,4,1178
14710,4,1179
14715,4,1180
14741,4,1181
14758,4,1182
14790,4,1183
14805,4,1184
14820,4,1185
14824,4,1186
14837,4,1187
14842,4,1188
14844,4,1189
14859,4,1190
14897,4,1191
14907,4,1192
14910,4,1193
14916,4,1194
14959,4,1195
14970,4,1196
15022,4,1197
15027,4,1198
15031,4,1199
15060,4,1200
15065,4,1201
15081,4,1202
15095,4,1203
15107,4,1204
15110,4,1205
15116,4,1206
15128,4,1207
15136,4,1208
15145,4,1209
15199,4,1210
15206,4,1211
15208,4,1212
15228,4,1213
15237,4,1214
15288,4,1215
15299,4,1216
15367,4,1217
15380,4,1218
15407,4,1219
15411,4,1220
15416,4,1221
15421,4,1222
15426,4,1223
15483,4,1224
15484,4,1225
15500,4,1226
15530,4,1227
15535,4,1228
15550,4,1229
15561,4,1230
15571,4,1231
15584,4,1232
15596,4,1233
15605,4,1234
15608,4,1235
15618,4,1236
15621,4,1237
15624,4,1238
15625,4,1239
15644,4,1240
15656,4,1241
15658,4,1242
15669,4,1243
15673,4,1244
15679,4,1245
15701,4,1246
15704,4,1247
15706,4,1248
15707,4,1249
15743,4,1250
15745,4,1251
15756,4,1252
15797,4,1253
15810,4,1254
15811,4,1255
15814,4,1256
15819,4,1257
15834,4,1258
15835,4,1259
15841,4,1260
15858,4,1261
15920,4,1262
15952,4,1263
15998,4,1264
16003,4,1265
16005,4,1266
16007,4,1267
16009,4,1268
16043,4,1269
16045,4,1270
16081,4,1271
16086,4,1272
16094,4,1273
16112,4,1274
16120,4,1275
16126,4,1276
16143,4,1277
16150,4,1278
16153,4,1279
16169,4,1280
16175,4,1281
16182,4,1282
16188,4,1283
16201,4,1284
16205,4,1285
16206,4,1286
16224,4,1287
16232,4,1288
16235,4,1289
16261,4,1290
16271,4,1291
16295,4,1292
16308,4,1293
16341,4,1294
16342,4,1295
16350,4,1296
16358,4,1297
16361,4,1298
16370,4,1299
16379,4,1300
16389,4,1301
16444,4,1302
16455,4,1303
16456,4,1304
16463,4,1305
16469,4,1306
16475,4,1307
16493,4,1308
16513,4,1309
16550,4,1310
16612,4,1311
16621,4,1312
16637,4,1313
16657,4,1314
16660,4,1315
16676,4,1316
16688,4,1317
16696,4,1318
16711,4,1319
16725,4,1320
16726,4,1321
16728,4,1322
16774,4,1323
16801,4,1324
16806,4,1325
16833,4,1326
16869,4,1327
16891,4,1328
16906,4,1329
16907,4,1330
16938,4,1331
16996,4,1332
16998,4,1333
17006,4,1334
17007,4,1335
17043,4,1336
17059,4,1337
17073,4,1338
17075,4,1339
17088,4,1340
17092,4,1341
17096,4,1342
17101,4,1343
17126,4,1344
17147,4,1345
17175,4,1346
17180,4,1347
17191,4,1348
17204,4,1349
17262,4,1350
17268,4,1351
17272,4,1352
17299,4,1353
17337,4,1354
17345,4,1355
17350,4,1356
17370,4,1357
17373,4,1358
17388,4,1359
17400,4,1360
17460,4,1361
17470,4,1362
17481,4,1363
17502,4,1364
17515,4,1365
17523,4,1366
17527,4,1367
17571,4,1368
17585,4,1369
17589,4,1370
17593,4,1371
17625,4,1372
17633,4,1373
17648,4,1374
17653,4,1375
17700,4,1376
17702,4,1377
17731,4,1378
17738,4,1379
17774,4,1380
17828,4,1381
17849,4,1382
17856,4,1383
17869,4,1384
17873,4,1385
17883,4,1386
17894,4,1387
17921,4,1388
17929,4,1389
17955,4,1390
17979,4,1391
17994,4,1392
18016,4,1393
18079,4,1394
18093,4,1395
18125,4,1396
18145,4,1397
18168,4,1398
18173,4,1399
18232,4,1400
18239,4,1401
18242,4,1402
12348,3,1403
12356,3,1404
12360,3,1405
12372,3,1406
12381,3,1407
12409,3,1408
12412,3,1409
12413,3,1410
12414,3,1411
12429,3,1412
12456,3,1413
12488,3,1414
12498,3,1415
12507,3,1416
12526,3,1417
12527,3,1418
12536,3,1419
12541,3,1420
12593,3,1421
12609,3,1422
12620,3,1423
12628,3,1424
12640,3,1425
12642,3,1426
12649,3,1427
12668,3,1428
12669,3,1429
12697,3,1430
12710,3,1431
12759,3,1432
12787,3,1433
12827,3,1434
12854,3,1435
12879,3,1436
12885,3,1437
12891,3,1438
12933,3,1439
12950,3,1440
12990,3,1441
12994,3,1442
12999,3,1443
13003,3,1444
13016,3,1445
13037,3,1446
13038,3,1447
13055,3,1448
13058,3,1449
13077,3,1450
13131,3,1451
13145,3,1452
13155,3,1453
13171,3,1454
13186,3,1455
13212,3,1456
13217,3,1457
13238,3,1458
13240,3,1459
13242,3,1460
13249,3,1461
13258,3,1462
13280,3,1463
13282,3,1464
13308,3,1465
13310,3,1466
13314,3,1467
13318,3,1468
13330,3,1469
13334,3,1470
13344,3,1471
13373,3,1472
13376,3,1473
13379,3,1474
13389,3,1475
13405,3,1476
13414,3,1477
13425,3,1478
13427,3,1479
13447,3,1480
13448,3,1481
13461,3,1482
13486,3,1483
13492,3,1484
13495,3,1485
13500,3,1486
13502,3,1487
13516,3,1488
13517,3,1489
13521,3,1490
13533,3,1491
13539,3,1492
13546,3,1493
13562,3,1494
13591,3,1495
13606,3,1496
13617,3,1497
13637,3,1498
13643,3,1499
13662,3,1500
13666,3,1501
13692,3,1502
13722,3,1503
13741,3,1504
13764,3,1505
13772,3,1506
13802,3,1507
13810,3,1508
13811,3,1509
13812,3,1510
13819,3,1511
13827,3,1512
13838,3,1513
13851,3,1514
13856,3,1515
13867,3,1516
13869,3,1517
13873,3,1518
13894,3,1519
13900,3,1520
13939,3,1521
13946,3,1522
13951,3,1523
13963,3,1524
13982,3,1525
14006,3,1526
14013,3,1527
14016,3,1528
14019,3,1529
14021,3,1530
14034,3,1531
14038,3,1532
14045,3,1533
14075,3,1534
14113,3,1535
14125,3,1536
14126,3,1537
14127,3,1538
14133,3,1539
14175,3,1540
14176,3,1541
14223,3,1542
14229,3,1543
14231,3,1544
14246,3,1545
14250,3,1546
14267,3,1547
14276,3,1548
14277,3,1549
14286,3,1550
14287,3,1551
14293,3,1552
14305,3,1553
14332,3,1554
14359,3,1555
14383,3,1556
14385,3,1557
14387,3,1558
14418,3,1559
14443,3,1560
14449,3,1561
14450,3,1562
14460,3,1563
14461,3,1564
14463,3,1565
14465,3,1566
14475,3,1567
14499,3,1568
14500,3,1569
14513,3,1570
14514,3,1571
14529,3,1572
14532,3,1573
14535,3,1574
14540,3,1575
14561,3,1576
14565,3,1577
14577,3,1578
14592,3,1579
14593,3,1580
14608,3,1581
14616,3,1582
14618,3,1583
14631,3,1584
14669,3,1585
14681,3,1586
14700,3,1587
14712,3,1588
14720,3,1589
14723,3,1590
14731,3,1591
14740,3,1592
14748,3,1593
14759,3,1594
14765,3,1595
14779,3,1596
14798,3,1597
14803,3,1598
14818,3,1599
14823,3,1600
14828,3,1601
14836,3,1602
14856,3,1603
14867,3,1604
14871,3,1605
14880,3,1606
14913,3,1607
14930,3,1608
14937,3,1609
14958,3,1610
14971,3,1611
14973,3,1612
14997,3,1613
15002,3,1614
15009,3,1615
15026,3,1616
15028,3,1617
15036,3,1618
15048,3,1619
15050,3,1620
15051,3,1621
15053,3,1622
15062,3,1623
15067,3,1624
15073,3,1625
15079,3,1626
15098,3,1627
15108,3,1628
15113,3,1629
15122,3,1630
15133,3,1631
15156,3,1632
15164,3,1633
15181,3,1634
15215,3,1635
15238,3,1636
15245,3,1637
15289,3,1638
15297,3,1639
15306,3,1640
15312,3,1641
15321,3,1642
15329,3,1643
15334,3,1644
15344,3,1645
15376,3,1646
15392,3,1647
15394,3,1648
15399,3,1649
15414,3,1650
15427,3,1651
15436,3,1652
15440,3,1653
15449,3,1654
15452,3,1655
15462,3,1656
15467,3,1657
15489,3,1658
15506,3,1659
15516,3,1660
15532,3,1661
15533,3,1662
15549,3,1663
15563,3,1664
15568,3,1665
15577,3,1666
15582,3,1667
15587,3,1668
15589,3,1669
15641,3,1670
15643,3,1671
15651,3,1672
15675,3,1673
15676,3,1674
15716,3,1675
15730,3,1676
15747,3,1677
15749,3,1678
15754,3,1679
15768,3,1680
15777,3,1681
15781,3,1682
15782,3,1683
15786,3,1684
15787,3,1685
15793,3,1686
15799,3,1687
15801,3,1688
15806,3,1689
15807,3,1690
15826,3,1691
15831,3,1692
15839,3,1693
15862,3,1694
15865,3,1695
15881,3,1696
15898,3,1697
15901,3,1698
15907,3,1699
15933,3,1700
15950,3,1701
15965,3,1702
15969,3,1703
15980,3,1704
16000,3,1705
16008,3,1706
16012,3,1707
16014,3,1708
16015,3,1709
16020,3,1710
16023,3,1711
16034,3,1712
16038,3,1713
16040,3,1714
16041,3,1715
16049,3,1716
16062,3,1717
16079,3,1718
16092,3,1719
16099,3,1720
16102,3,1721
16110,3,1722
16122,3,1723
16136,3,1724
16139,3,1725
16146,3,1726
16157,3,1727
16164,3,1728
16174,3,1729
16203,3,1730
16214,3,1731
16226,3,1732
16245,3,1733
16279,3,1734
16298,3,1735
16303,3,1736
16317,3,1737
16324,3,1738
16325,3,1739
16330,3,1740
16356,3,1741
16357,3,1742
16369,3,1743
16378,3,1744
16416,3,1745
16418,3,1746
16431,3,1747
16460,3,1748
16462,3,1749
16464,3,1750
16470,3,1751
16473,3,1752
16478,3,1753
16488,3,1754
16495,3,1755
16496,3,1756
16503,3,1757
16511,3,1758
16532,3,1759
16533,3,1760
16551,3,1761
16554,3,1762
16571,3,1763
16572,3,1764
16589,3,1765
16593,3,1766
16639,3,1767
16654,3,1768
16669,3,1769
16671,3,1770
16706,3,1771
16714,3,1772
16730,3,1773
16734,3,1774
16755,3,1775
16759,3,1776
16762,3,1777
16768,3,1778
16770,3,1779
16804,3,1780
16807,3,1781
16816,3,1782
16832,3,1783
16842,3,1784
16851,3,1785
16866,3,1786
16872,3,1787
16882,3,1788
16889,3,1789
16900,3,1790
16924,3,1791
16930,3,1792
16940,3,1793
16943,3,1794
16948,3,1795
16951,3,1796
16960,3,1797
16969,3,1798
16997,3,1799
17002,3,1800
17014,3,1801
17015,3,1802
17019,3,1803
17024,3,1804
17034,3,1805
17045,3,1806
17047,3,1807
17048,3,1808
17058,3,1809
17064,3,1810
17083,3,1811
17085,3,1812
17095,3,1813
17115,3,1814
17152,3,1815
17159,3,1816
17266,3,1817
17282,3,1818
17289,3,1819
17295,3,1820
17312,3,1821
17317,3,1822
17324,3,1823
17351,3,1824
17360,3,1825
17361,3,1826
17398,3,1827
17405,3,1828
17411,3,1829
17429,3,1830
17440,3,1831
17454,3,1832
17461,3,1833
17472,3,1834
17483,3,1835
17500,3,1836
17521,3,1837
17545,3,1838
17550,3,1839
17557,3,1840
17564,3,1841
17572,3,1842
17573,3,1843
17579,3,1844
17588,3,1845
17590,3,1846
17615,3,1847
17631,3,1848
17671,3,1849
17692,3,1850
17703,3,1851
17720,3,1852
17722,3,1853
17724,3,1854
17728,3,1855
17734,3,1856
17736,3,1857
17759,3,1858
17765,3,1859
17768,3,1860
17777,3,1861
17779,3,1862
17787,3,1863
17796,3,1864
17797,3,1865
17812,3,1866
17816,3,1867
17817,3,1868
17830,3,1869
17835,3,1870
17838,3,1871
17864,3,1872
17886,3,1873
17892,3,1874
17932,3,1875
17974,3,1876
18017,3,1877
18035,3,1878
18036,3,1879
18059,3,1880
18062,3,1881
18081,3,1882
18096,3,1883
18127,3,1884
18130,3,1885
18136,3,1886
18149,3,1887
18150,3,1888
18155,3,1889
18167,3,1890
18170,3,1891
18178,3,1892
18188,3,1893
18202,3,1894
18204,3,1895
18235,3,1896
18263,3,1897
18273,3,1898
18287,3,1899
12358,2,1900
12375,2,1901
12379,2,1902
12384,2,1903
12394,2,1904
12397,2,1905
12406,2,1906
12410,2,1907
12427,2,1908
12431,2,1909
12435,2,1910
12438,2,1911
12450,2,1912
12458,2,1913
12462,2,1914
12465,2,1915
12468,2,1916
12492,2,1917
12493,2,1918
12504,2,1919
12508,2,1920
12510,2,1921
12516,2,1922
12522,2,1923
12535,2,1924
12545,2,1925
12546,2,1926
12547,2,1927
12556,2,1928
12559,2,1929
12560,2,1930
12571,2,1931
12572,2,1932
12577,2,1933
12578,2,1934
12582,2,1935
12589,2,1936
12592,2,1937
12596,2,1938
12604,2,1939
12616,2,1940
12624,2,1941
12625,2,1942
12630,2,1943
12635,2,1944
12673,2,1945
12689,2,1946
12694,2,1947
12701,2,1948
12716,2,1949
12717,2,1950
12719,2,1951
12735,2,1952
12758,2,1953
12762,2,1954
12781,2,1955
12794,2,1956
12808,2,1957
12811,2,1958
12815,2,1959
12816,2,1960
12822,2,1961
12832,2,1962
12842,2,1963
12844,2,1964
12849,2,1965
12857,2,1966
12865,2,1967
12871,2,1968
12876,2,1969
12878,2,1970
12882,2,1971
12886,2,1972
12888,2,1973
12895,2,1974
12897,2,1975
12904,2,1976
12908,2,1977
12925,2,1978
12930,2,1979
12940,2,1980
12942,2,1981
12962,2,1982
12981,2,1983
12985,2,1984
12987,2,1985
12991,2,1986
13000,2,1987
13005,2,1988
13023,2,1989
13028,2,1990
13029,2,1991
13032,2,1992
13035,2,1993
13040,2,1994
13046,2,1995
13049,2,1996
13066,2,1997
13068,2,1998
13083,2,1999
13085,2,2000
13109,2,2001
13122,2,2002
13124,2,2003
13133,2,2004
13140,2,2005
13169,2,2006
13174,2,2007
13189,2,2008
13192,2,2009
13207,2,2010
13211,2,2011
13223,2,2012
13224,2,2013
13233,2,2014
13236,2,2015
13248,2,2016
13253,2,2017
13261,2,2018
13272,2,2019
13276,2,2020
13283,2,2021
13292,2,2022
13294,2,2023
13311,2,2024
13321,2,2025
13350,2,2026
13363,2,2027
13365,2,2028
13368,2,2029
13388,2,2030
13396,2,2031
13404,2,2032
13416,2,2033
13417,2,2034
13420,2,2035
13421,2,2036
13430,2,2037
13431,2,2038
13434,2,2039
13452,2,2040
13453,2,2041
13460,2,2042
13467,2,2043
13470,2,2044
13473,2,2045
13476,2,2046
13479,2,2047
13487,2,2048
13493,2,2049
13525,2,2050
13529,2,2051
13544,2,2052
13548,2,2053
13557,2,2054
13563,2,2055
13565,2,2056
13566,2,2057
13573,2,2058
13589,2,2059
13596,2,2060
13601,2,2061
13611,2,2062
13651,2,2063
13652,2,2064
13655,2,2065
13656,2,2066
13657,2,2067
13659,2,2068
13669,2,2069
13672,2,2070
13673,2,2071
13675,2,2072
13705,2,2073
13707,2,2074
13711,2,2075
13715,2,2076
13718,2,2077
13726,2,2078
13727,2,2079
13730,2,2080
13731,2,2081
13736,2,2082
13744,2,2083
13754,2,2084
13759,2,2085
13760,2,2086
13761,2,2087
13780,2,2088
13791,2,2089
13792,2,2090
13799,2,2091
13805,2,2092
13814,2,2093
13816,2,2094
13821,2,2095
13822,2,2096
13823,2,2097
13837,2,2098
13846,2,2099
13848,2,2100
13849,2,2101
13868,2,2102
13885,2,2103
13888,2,2104
13899,2,2105
13904,2,2106
13914,2,2107
13917,2,2108
13918,2,2109
13919,2,2110
13929,2,2111
13930,2,2112
13931,2,2113
13933,2,2114
13952,2,2115
13954,2,2116
13955,2,2117
13959,2,2118
13960,2,2119
13962,2,2120
13972,2,2121
13978,2,2122
13989,2,2123
14001,2,2124
14002,2,2125
14009,2,2126
14020,2,2127
14023,2,2128
14024,2,2129
14029,2,2130
14050,2,2131
14053,2,2132
14067,2,2133
14104,2,2134
14108,2,2135
14114,2,2136
14128,2,2137
14138,2,2138
14140,2,2139
14147,2,2140
14152,2,2141
14154,2,2142
14157,2,2143
14161,2,2144
14162,2,2145
14164,2,2146
14179,2,2147
14193,2,2148
14195,2,2149
14205,2,2150
14240,2,2151
14242,2,2152
14245,2,2153
14261,2,2154
14264,2,2155
14272,2,2156
14284,2,2157
14306,2,2158
14320,2,2159
14323,2,2160
14331,2,2161
14335,2,2162
14338,2,2163
14346,2,2164
14354,2,2165
14356,2,2166
14377,2,2167
14379,2,2168
14389,2,2169
14412,2,2170
14416,2,2171
14421,2,2172
14427,2,2173
14442,2,2174
14451,2,2175
14452,2,2176
14470,2,2177
14473,2,2178
14481,2,2179
14495,2,2180
14501,2,2181
14508,2,2182
14512,2,2183
14517,2,2184
14520,2,2185
14538,2,2186
14539,2,2187
14548,2,2188
14550,2,2189
14551,2,2190
14555,2,2191
14567,2,2192
14570,2,2193
14597,2,2194
14620,2,2195
14624,2,2196
14628,2,2197
14629,2,2198
14636,2,2199
14644,2,2200
14645,2,2201
14651,2,2202
14656,2,2203
14658,2,2204
14660,2,2205
14664,2,2206
14670,2,2207
14672,2,2208
14682,2,2209
14690,2,2210
14697,2,2211
14708,2,2212
14716,2,2213
14737,2,2214
14754,2,2215
14761,2,2216
14768,2,2217
14770,2,2218
14775,2,2219
14778,2,2220
14780,2,2221
14784,2,2222
14785,2,2223
14788,2,2224
14815,2,2225
14817,2,2226
14819,2,2227
14829,2,2228
14851,2,2229
14853,2,2230
14855,2,2231
14857,2,2232
14862,2,2233
14869,2,2234
14875,2,2235
14882,2,2236
14891,2,2237
14893,2,2238
14904,2,2239
14905,2,2240
14912,2,2241
14915,2,2242
14918,2,2243
14920,2,2244
14921,2,2245
14934,2,2246
14947,2,2247
14960,2,2248
14965,2,2249
14984,2,2250
14995,2,2251
14998,2,2252
15014,2,2253
15018,2,2254
15030,2,2255
15045,2,2256
15054,2,2257
15057,2,2258
15068,2,2259
15071,2,2260
15088,2,2261
15092,2,2262
15103,2,2263
15104,2,2264
15111,2,2265
15121,2,2266
15123,2,2267
15124,2,2268
15139,2,2269
15146,2,2270
15157,2,2271
15163,2,2272
15182,2,2273
15184,2,2274
15186,2,2275
15192,2,2276
15197,2,2277
15198,2,2278
15205,2,2279
15213,2,2280
15223,2,2281
15230,2,2282
15232,2,2283
15239,2,2284
15244,2,2285
15252,2,2286
15258,2,2287
15265,2,2288
15272,2,2289
15274,2,2290
15287,2,2291
15315,2,2292
15330,2,2293
15339,2,2294
15349,2,2295
15355,2,2296
15364,2,2297
15381,2,2298
15393,2,2299
15398,2,2300
15402,2,2301
15406,2,2302
15422,2,2303
15424,2,2304
15429,2,2305
15433,2,2306
15444,2,2307
15456,2,2308
15468,2,2309
15469,2,2310
15478,2,2311
15485,2,2312
15492,2,2313
15494,2,2314
15497,2,2315
15522,2,2316
15525,2,2317
15526,2,2318
15531,2,2319
15565,2,2320
15573,2,2321
15579,2,2322
15599,2,2323
15612,2,2324
15620,2,2325
15626,2,2326
15630,2,2327
15636,2,2328
15646,2,2329
15648,2,2330
15653,2,2331
15654,2,2332
15661,2,2333
15665,2,2334
15680,2,2335
15690,2,2336
15695,2,2337
15700,2,2338
15714,2,2339
15724,2,2340
15734,2,2341
15757,2,2342
15759,2,2343
15762,2,2344
15763,2,2345
15780,2,2346
15791,2,2347
15800,2,2348
15808,2,2349
15813,2,2350
15821,2,2351
15829,2,2352
15840,2,2353
15847,2,2354
15850,2,2355
15852,2,2356
15863,2,2357
15869,2,2358
15872,2,2359
15877,2,2360
15882,2,2361
15883,2,2362
15885,2,2363
15897,2,2364
15912,2,2365
15918,2,2366
15935,2,2367
15948,2,2368
15949,2,2369
15951,2,2370
15963,2,2371
15967,2,2372
15976,2,2373
15977,2,2374
15985,2,2375
15990,2,2376
16010,2,2377
16018,2,2378
16031,2,2379
16036,2,2380
16037,2,2381
16053,2,2382
16070,2,2383
16080,2,2384
16091,2,2385
16109,2,2386
16119,2,2387
16121,2,2388
16149,2,2389
16160,2,2390
16185,2,2391
16189,2,2392
16200,2,2393
16208,2,2394
16212,2,2395
16217,2,2396
16221,2,2397
16229,2,2398
16230,2,2399
16233,2,2400
16239,2,2401
16240,2,2402
16243,2,2403
16253,2,2404
16268,2,2405
16284,2,2406
16309,2,2407
16311,2,2408
16313,2,2409
16322,2,2410
16343,2,2411
16347,2,2412
16352,2,2413
16354,2,2414
16364,2,2415
16368,2,2416
16372,2,2417
16374,2,2418
16376,2,2419
16383,2,2420
16384,2,2421
16385,2,2422
16386,2,2423
16398,2,2424
16399,2,2425
16405,2,2426
16414,2,2427
16427,2,2428
16441,2,2429
16442,2,2430
16446,2,2431
16449,2,2432
16454,2,2433
16479,2,2434
16484,2,2435
16498,2,2436
16506,2,2437
16518,2,2438
16520,2,2439
16539,2,2440
16555,2,2441
16557,2,2442
16561,2,2443
16567,2,2444
16573,2,2445
16584,2,2446
16603,2,2447
16616,2,2448
16620,2,2449
16624,2,2450
16629,2,2451
16642,2,2452
16644,2,2453
16647,2,2454
16653,2,2455
16667,2,2456
16674,2,2457
16685,2,2458
16689,2,2459
16690,2,2460
16692,2,2461
16693,2,2462
16698,2,2463
16716,2,2464
16723,2,2465
16747,2,2466
16766,2,2467
16777,2,2468
16778,2,2469
16780,2,2470
16788,2,2471
16792,2,2472
16808,2,2473
16811,2,2474
16824,2,2475
16825,2,2476
16836,2,2477
16838,2,2478
16852,2,2479
16855,2,2480
16859,2,2481
16861,2,2482
16884,2,2483
16885,2,2484
16897,2,2485
16898,2,2486
16927,2,2487
16933,2,2488
16934,2,2489
16950,2,2490
16952,2,2491
16955,2,2492
16957,2,2493
16968,2,2494
16980,2,2495
16984,2,2496
16986,2,2497
16999,2,2498
17004,2,2499
17018,2,2500
17029,2,2501
17031,2,2502
17033,2,2503
17035,2,2504
17041,2,2505
17076,2,2506
17078,2,2507
17080,2,2508
17081,2,2509
17082,2,2510
17084,2,2511
17100,2,2512
17105,2,2513
17119,2,2514
17134,2,2515
17144,2,2516
17146,2,2517
17155,2,2518
17157,2,2519
17158,2,2520
17163,2,2521
17166,2,2522
17169,2,2523
17179,2,2524
17186,2,2525
17190,2,2526
17221,2,2527
17229,2,2528
17230,2,2529
17232,2,2530
17237,2,2531
17242,2,2532
17250,2,2533
17252,2,2534
17254,2,2535
17255,2,2536
17256,2,2537
17265,2,2538
17267,2,2539
17277,2,2540
17290,2,2541
17298,2,2542
17311,2,2543
17320,2,2544
17321,2,2545
17329,2,2546
17330,2,2547
17334,2,2548
17341,2,2549
17353,2,2550
17357,2,2551
17362,2,2552
17371,2,2553
17374,2,2554
17375,2,2555
17376,2,2556
17384,2,2557
17387,2,2558
17391,2,2559
17397,2,2560
17406,2,2561
17409,2,2562
17414,2,2563
17418,2,2564
17420,2,2565
17423,2,2566
17425,2,2567
17432,2,2568
17436,2,2569
17446,2,2570
17447,2,2571
17453,2,2572
17459,2,2573
17462,2,2574
17466,2,2575
17468,2,2576
17489,2,2577
17495,2,2578
17501,2,2579
17503,2,2580
17505,2,2581
17507,2,2582
17526,2,2583
17537,2,2584
17540,2,2585
17549,2,2586
17552,2,2587
17555,2,2588
17566,2,2589
17580,2,2590
17584,2,2591
17594,2,2592
17595,2,2593
17604,2,2594
17608,2,2595
17616,2,2596
17618,2,2597
17621,2,2598
17624,2,2599
17630,2,2600
17637,2,2601
17642,2,2602
17646,2,2603
17658,2,2604
17664,2,2605
17666,2,2606
17668,2,2607
17672,2,2608
17679,2,2609
17695,2,2610
17704,2,2611
17707,2,2612
17708,2,2613
17711,2,2614
17733,2,2615
17737,2,2616
17742,2,2617
17749,2,2618
17764,2,2619
17771,2,2620
17772,2,2621
17781,2,2622
17783,2,2623
17786,2,2624
17788,2,2625
17795,2,2626
17802,2,2627
17827,2,2628
17852,2,2629
17854,2,2630
17884,2,2631
17889,2,2632
17898,2,2633
17900,2,2634
17905,2,2635
17917,2,2636
17926,2,2637
17928,2,2638
17931,2,2639
17934,2,2640
17935,2,2641
17946,2,2642
17980,2,2643
17991,2,2644
18001,2,2645
18005,2,2646
18013,2,2647
18018,2,2648
18024,2,2649
18030,2,2650
18034,2,2651
18040,2,2652
18043,2,2653
18048,2,2654
18064,2,2655
18078,2,2656
18080,2,2657
18087,2,2658
18095,2,2659
18101,2,2660
18112,2,2661
18121,2,2662
18123,2,2663
18142,2,2664
18143,2,2665
18146,2,2666
18147,2,2667
18151,2,2668
18154,2,2669
18158,2,2670
18160,2,2671
18183,2,2672
18189,2,2673
18190,2,2674
18196,2,2675
18205,2,2676
18217,2,2677
18218,2,2678
18228,2,2679
18246,2,2680
18248,2,2681
18252,2,2682
18259,2,2683
18261,2,2684
18265,2,2685
18270,2,2686
18282,2,2687
12346,1,2688
12349,1,2689
12350,1,2690
12354,1,2691
12357,1,2692
12361,1,2693
12367,1,2694
12371,1,2695
12373,1,2696
12374,1,2697
12377,1,2698
12378,1,2699
12390,1,2700
12398,1,2701
12401,1,2702
12402,1,2703
12403,1,2704
12405,1,2705
12418,1,2706
12422,1,2707
12425,1,2708
12426,1,2709
12430,1,2710
12436,1,2711
12442,1,2712
12445,1,2713
12447,1,2714
12448,1,2715
12452,1,2716
12453,1,2717
12454,1,2718
12461,1,2719
12475,1,2720
12478,1,2721
12479,1,2722
12489,1,2723
12491,1,2724
12497,1,2725
12501,1,2726
12506,1,2727
12509,1,2728
12513,1,2729
12514,1,2730
12519,1,2731
12521,1,2732
12531,1,2733
12532,1,2734
12534,1,2735
12538,1,2736
12544,1,2737
12548,1,2738
12550,1,2739
12552,1,2740
12561,1,2741
12564,1,2742
12566,1,2743
12573,1,2744
12574,1,2745
12579,1,2746
12580,1,2747
12581,1,2748
12585,1,2749
12586,1,2750
12587,1,2751
12588,1,2752
12590,1,2753
12591,1,2754
12602,1,2755
12603,1,2756
12611,1,2757
12612,1,2758
12614,1,2759
12617,1,2760
12618,1,2761
12622,1,2762
12623,1,2763
12631,1,2764
12638,1,2765
12639,1,2766
12641,1,2767
12644,1,2768
12648,1,2769
12650,1,2770
12651,1,2771
12652,1,2772
12658,1,2773
12659,1,2774
12660,1,2775
12665,1,2776
12667,1,2777
12672,1,2778
12690,1,2779
12702,1,2780
12703,1,2781
12707,1,2782
12713,1,2783
12715,1,2784
12718,1,2785
12729,1,2786
12732,1,2787
12736,1,2788
12740,1,2789
12750,1,2790
12752,1,2791
12772,1,2792
12784,1,2793
12789,1,2794
12790,1,2795
12792,1,2796
12793,1,2797
12795,1,2798
12802,1,2799
12809,1,2800
12814,1,2801
12817,1,2802
12818,1,2803
12821,1,2804
12824,1,2805
12829,1,2806
12831,1,2807
12833,1,2808
12834,1,2809
12837,1,2810
12838,1,2811
12847,1,2812
12851,1,2813
12852,1,2814
12863,1,2815
12864,1,2816
12866,1,2817
12872,1,2818
12873,1,2819
12875,1,2820
12881,1,2821
12884,1,2822
12890,1,2823
12893,1,2824
12902,1,2825
12915,1,2826
12917,1,2827
12920,1,2828
12922,1,2829
12923,1,2830
12929,1,2831
12938,1,2832
12944,1,2833
12945,1,2834
12953,1,2835
12956,1,2836
12965,1,2837
12966,1,2838
12968,1,2839
12974,1,2840
12976,1,2841
12977,1,2842
12982,1,2843
12984,1,2844
12988,1,2845
12995,1,2846
13002,1,2847
13006,1,2848
13008,1,2849
13017,1,2850
13030,1,2851
13034,1,2852
13043,1,2853
13044,1,2854
13045,1,2855
13052,1,2856
13059,1,2857
13060,1,2858
13061,1,2859
13062,1,2860
13067,1,2861
13070,1,2862
13072,1,2863
13075,1,2864
13080,1,2865
13091,1,2866
13095,1,2867
13099,1,2868
13101,1,2869
13103,1,2870
13106,1,2871
13116,1,2872
13120,1,2873
13121,1,2874
13127,1,2875
13130,1,2876
13132,1,2877
13135,1,2878
13142,1,2879
13144,1,2880
13146,1,2881
13151,1,2882
13153,1,2883
13160,1,2884
13161,1,2885
13165,1,2886
13166,1,2887
13170,1,2888
13173,1,2889
13176,1,2890
13177,1,2891
13182,1,2892
13185,1,2893
13187,1,2894
13188,1,2895
13193,1,2896
13194,1,2897
13210,1,2898
13216,1,2899
13218,1,2900
13221,1,2901
13226,1,2902
13227,1,2903
13228,1,2904
13229,1,2905
13235,1,2906
13239,1,2907
13243,1,2908
13244,1,2909
13245,1,2910
13255,1,2911
13256,1,2912
13259,1,2913
13260,1,2914
13262,1,2915
13271,1,2916
13273,1,2917
13278,1,2918
13279,1,2919
13284,1,2920
13291,1,2921
13296,1,2922
13298,1,2923
13299,1,2924
13300,1,2925
13302,1,2926
13307,1,2927
13322,1,2928
13325,1,2929
13328,1,2930
13329,1,2931
13332,1,2932
13336,1,2933
13338,1,2934
13339,1,2935
13341,1,2936
13343,1,2937
13345,1,2938
13347,1,2939
13348,1,2940
13349,1,2941
13351,1,2942
13352,1,2943
13354,1,2944
13355,1,2945
13356,1,2946
13357,1,2947
13358,1,2948
13359,1,2949
13364,1,2950
13366,1,2951
13372,1,2952
13375,1,2953
13382,1,2954
13385,1,2955
13390,1,2956
13391,1,2957
13395,1,2958
13398,1,2959
13402,1,2960
13403,1,2961
13411,1,2962
13419,1,2963
13422,1,2964
13428,1,2965
13436,1,2966
13439,1,2967
13441,1,2968
13449,1,2969
13455,1,2970
13462,1,2971
13464,1,2972
13466,1,2973
13474,1,2974
13482,1,2975
13483,1,2976
13484,1,2977
13485,1,2978
13494,1,2979
13496,1,2980
13497,1,2981
13501,1,2982
13503,1,2983
13504,1,2984
13506,1,2985
13508,1,2986
13512,1,2987
13513,1,2988
13514,1,2989
13518,1,2990
13519,1,2991
13522,1,2992
13531,1,2993
13532,1,2994
13551,1,2995
13560,1,2996
13561,1,2997
13564,1,2998
13568,1,2999
13569,1,3000
13570,1,3001
13572,1,3002
13579,1,3003
13581,1,3004
13583,1,3005
13584,1,3006
13587,1,3007
13594,1,3008
13598,1,3009
13600,1,3010
13602,1,3011
13603,1,3012
13607,1,3013
13615,1,3014
13618,1,3015
13621,1,3016
13626,1,3017
13635,1,3018
13638,1,3019
13639,1,3020
13642,1,3021
13645,1,3022
13649,1,3023
13663,1,3024
13667,1,3025
13670,1,3026
13678,1,3027
13682,1,3028
13684,1,3029
13686,1,3030
13689,1,3031
13690,1,3032
13697,1,3033
13699,1,3034
13703,1,3035
13706,1,3036
13708,1,3037
13710,1,3038
13712,1,3039
13716,1,3040
13721,1,3041
13723,1,3042
13732,1,3043
13737,1,3044
13739,1,3045
13740,1,3046
13745,1,3047
13751,1,3048
13753,1,3049
13762,1,3050
13763,1,3051
13774,1,3052
13778,1,3053
13781,1,3054
13787,1,3055
13790,1,3056
13800,1,3057
13801,1,3058
13803,1,3059
13806,1,3060
13817,1,3061
13826,1,3062
13828,1,3063
13832,1,3064
13833,1,3065
13841,1,3066
13844,1,3067
13845,1,3068
13850,1,3069
13853,1,3070
13858,1,3071
13859,1,3072
13863,1,3073
13866,1,3074
13876,1,3075
13877,1,3076
13878,1,3077
13886,1,3078
13887,1,3079
13889,1,3080
13893,1,3081
13897,1,3082
13898,1,3083
13923,1,3084
13926,1,3085
13927,1,3086
13932,1,3087
13934,1,3088
13936,1,3089
13937,1,3090
13938,1,3091
13947,1,3092
13967,1,3093
13973,1,3094
13974,1,3095
13976,1,3096
13979,1,3097
13980,1,3098
13986,1,3099
13990,1,3100
13992,1,3101
14000,1,3102
14012,1,3103
14014,1,3104
14015,1,3105
14022,1,3106
14027,1,3107
14036,1,3108
14037,1,3109
14039,1,3110
14041,1,3111
14046,1,3112
14048,1,3113
14052,1,3114
14054,1,3115
14055,1,3116
14059,1,3117
14066,1,3118
14068,1,3119
14073,1,3120
14076,1,3121
14079,1,3122
14080,1,3123
14081,1,3124
14087,1,3125
14089,1,3126
14090,1,3127
14093,1,3128
14098,1,3129
14100,1,3130
14105,1,3131
14109,1,3132
14117,1,3133
14124,1,3134
14130,1,3135
14139,1,3136
14143,1,3137
14148,1,3138
14149,1,3139
14150,1,3140
14155,1,3141
14158,1,3142
14165,1,3143
14171,1,3144
14174,1,3145
14184,1,3146
14185,1,3147
14196,1,3148
14199,1,3149
14204,1,3150
14206,1,3151
14208,1,3152
14212,1,3153
14218,1,3154
14219,1,3155
14220,1,3156
14222,1,3157
14236,1,3158
14238,1,3159
14241,1,3160
14247,1,3161
14248,1,3162
14256,1,3163
14259,1,3164
14270,1,3165
14271,1,3166
14280,1,3167
14288,1,3168
14295,1,3169
14300,1,3170
14301,1,3171
14304,1,3172
14311,1,3173
14314,1,3174
14317,1,3175
14326,1,3176
14327,1,3177
14333,1,3178
14339,1,3179
14340,1,3180
14345,1,3181
14348,1,3182
14349,1,3183
14350,1,3184
14351,1,3185
14353,1,3186
14357,1,3187
14362,1,3188
14368,1,3189
14371,1,3190
14375,1,3191
14381,1,3192
14382,1,3193
14386,1,3194
14393,1,3195
14396,1,3196
14400,1,3197
14406,1,3198
14411,1,3199
14420,1,3200
14423,1,3201
14424,1,3202
14431,1,3203
14436,1,3204
14438,1,3205
14439,1,3206
14448,1,3207
14453,1,3208
14457,1,3209
14459,1,3210
14474,1,3211
14476,1,3212
14479,1,3213
14480,1,3214
14483,1,3215
14484,1,3216
14485,1,3217
14488,1,3218
14489,1,3219
14491,1,3220
14494,1,3221
14496,1,3222
14497,1,3223
14518,1,3224
14523,1,3225
14528,1,3226
14536,1,3227
14537,1,3228
14542,1,3229
14544,1,3230
14549,1,3231
14552,1,3232
14557,1,3233
14566,1,3234
14569,1,3235
14578,1,3236
14581,1,3237
14582,1,3238
14585,1,3239
14586,1,3240
14594,1,3241
14598,1,3242
14600,1,3243
14601,1,3244
14603,1,3245
14619,1,3246
14622,1,3247
14625,1,3248
14632,1,3249
14633,1,3250
14638,1,3251
14641,1,3252
14642,1,3253
14643,1,3254
14647,1,3255
14652,1,3256
14661,1,3257
14666,1,3258
14675,1,3259
14687,1,3260
14689,1,3261
14693,1,3262
14699,1,3263
14703,1,3264
14705,1,3265
14714,1,3266
14722,1,3267
14725,1,3268
14727,1,3269
14747,1,3270
14752,1,3271
14753,1,3272
14756,1,3273
14757,1,3274
14760,1,3275
14762,1,3276
14764,1,3277
14772,1,3278
14782,1,3279
14789,1,3280
14792,1,3281
14793,1,3282
14795,1,3283
14799,1,3284
14801,1,3285
14804,1,3286
14806,1,3287
14816,1,3288
14830,1,3289
14840,1,3290
14847,1,3291
14850,1,3292
14860,1,3293
14861,1,3294
14863,1,3295
14865,1,3296
14870,1,3297
14873,1,3298
14881,1,3299
14885,1,3300
14886,1,3301
14887,1,3302
14888,1,3303
14889,1,3304
14890,1,3305
14894,1,3306
14896,1,3307
14902,1,3308
14908,1,3309
14923,1,3310
14924,1,3311
14929,1,3312
14935,1,3313
14946,1,3314
14950,1,3315
14951,1,3316
14953,1,3317
14954,1,3318
14957,1,3319
14962,1,3320
14964,1,3321
14966,1,3322
14967,1,3323
14968,1,3324
14972,1,3325
14974,1,3326
14975,1,3327
14981,1,3328
14985,1,3329
14987,1,3330
14988,1,3331
15000,1,3332
15004,1,3333
15006,1,3334
15007,1,3335
15010,1,3336
15012,1,3337
15016,1,3338
15017,1,3339
15019,1,3340
15025,1,3341
15032,1,3342
15035,1,3343
15041,1,3344
15042,1,3345
15043,1,3346
15047,1,3347
15049,1,3348
15052,1,3349
15063,1,3350
15066,1,3351
15069,1,3352
15074,1,3353
15075,1,3354
15076,1,3355
15083,1,3356
15087,1,3357
15090,1,3358
15091,1,3359
15096,1,3360
15097,1,3361
15099,1,3362
15100,1,3363
15101,1,3364
15109,1,3365
15115,1,3366
15118,1,3367
15119,1,3368
15120,1,3369
15127,1,3370
15130,1,3371
15135,1,3372
15142,1,3373
15143,1,3374
15147,1,3375
15148,1,3376
15149,1,3377
15153,1,3378
15154,1,3379
15158,1,3380
15167,1,3381
15168,1,3382
15171,1,3383
15174,1,3384
15175,1,3385
15178,1,3386
15185,1,3387
15193,1,3388
15195,1,3389
15210,1,3390
15211,1,3391
15212,1,3392
15216,1,3393
15219,1,3394
15222,1,3395
15225,1,3396
15226,1,3397
15234,1,3398
15236,1,3399
15243,1,3400
15246,1,3401
15247,1,3402
15254,1,3403
15255,1,3404
15256,1,3405
15257,1,3406
15261,1,3407
15262,1,3408
15263,1,3409
15264,1,3410
15266,1,3411
15269,1,3412
15275,1,3413
15276,1,3414
15277,1,3415
15280,1,3416
15286,1,3417
15292,1,3418
15300,1,3419
15303,1,3420
15307,1,3421
15308,1,3422
15313,1,3423
15314,1,3424
15316,1,3425
15318,1,3426
15319,1,3427
15320,1,3428
15322,1,3429
15325,1,3430
15326,1,3431
15327,1,3432
15333,1,3433
15335,1,3434
15341,1,3435
15342,1,3436
15343,1,3437
15345,1,3438
15346,1,3439
15348,1,3440
15353,1,3441
15360,1,3442
15366,1,3443
15368,1,3444
15372,1,3445
15374,1,3446
15384,1,3447
15385,1,3448
15386,1,3449
15389,1,3450
15395,1,3451
15396,1,3452
15397,1,3453
15405,1,3454
15408,1,3455
15412,1,3456
15415,1,3457
15417,1,3458
15419,1,3459
15423,1,3460
15428,1,3461
15432,1,3462
15435,1,3463
15437,1,3464
15438,1,3465
15442,1,3466
15445,1,3467
15447,1,3468
15448,1,3469
15450,1,3470
15457,1,3471
15458,1,3472
15463,1,3473
15464,1,3474
15466,1,3475
15471,1,3476
15472,1,3477
15475,1,3478
15480,1,3479
15488,1,3480
15504,1,3481
15507,1,3482
15510,1,3483
15512,1,3484
15517,1,3485
15520,1,3486
15523,1,3487
15524,1,3488
15528,1,3489
15537,1,3490
15539,1,3491
15540,1,3492
15541,1,3493
15543,1,3494
15545,1,3495
15551,1,3496
15552,1,3497
15553,1,3498
15554,1,3499
15556,1,3500
15557,1,3501
15567,1,3502
15574,1,3503
15576,1,3504
15578,1,3505
15585,1,3506
15592,1,3507
15593,1,3508
15597,1,3509
15598,1,3510
15603,1,3511
15604,1,3512
15607,1,3513
15609,1,3514
15610,1,3515
15619,1,3516
15623,1,3517
15634,1,3518
15637,1,3519
15639,1,3520
15645,1,3521
15649,1,3522
15652,1,3523
15655,1,3524
15657,1,3525
15659,1,3526
15663,1,3527
15664,1,3528
15667,1,3529
15668,1,3530
15670,1,3531
15677,1,3532
15678,1,3533
15683,1,3534
15689,1,3535
15691,1,3536
15692,1,3537
15699,1,3538
15703,1,3539
15705,1,3540
15709,1,3541
15713,1,3542
15717,1,3543
15720,1,3544
15721,1,3545
15725,1,3546
15729,1,3547
15732,1,3548
15733,1,3549
15739,1,3550
15740,1,3551
15744,1,3552
15746,1,3553
15748,1,3554
15753,1,3555
15758,1,3556
15766,1,3557
15773,1,3558
15774,1,3559
15775,1,3560
15776,1,3561
15783,1,3562
15790,1,3563
15795,1,3564
15802,1,3565
15803,1,3566
15820,1,3567
15822,1,3568
15825,1,3569
15830,1,3570
15832,1,3571
15836,1,3572
15837,1,3573
15843,1,3574
15844,1,3575
15853,1,3576
15857,1,3577
15866,1,3578
15870,1,3579
15886,1,3580
15888,1,3581
15889,1,3582
15891,1,3583
15894,1,3584
15895,1,3585
15900,1,3586
15904,1,3587
15909,1,3588
15917,1,3589
15919,1,3590
15921,1,3591
15925,1,3592
15930,1,3593
15937,1,3594
15940,1,3595
15942,1,3596
15944,1,3597
15947,1,3598
15957,1,3599
15958,1,3600
15970,1,3601
15975,1,3602
15978,1,3603
15983,1,3604
15986,1,3605
15988,1,3606
15992,1,3607
15994,1,3608
16006,1,3609
16017,1,3610
16022,1,3611
16024,1,3612
16025,1,3613
16026,1,3614
16030,1,3615
16050,1,3616
16052,1,3617
16054,1,3618
16055,1,3619
16056,1,3620
16063,1,3621
16071,1,3622
16072,1,3623
16073,1,3624
16078,1,3625
16083,1,3626
16084,1,3627
16093,1,3628
16096,1,3629
16097,1,3630
16101,1,3631
16104,1,3632
16105,1,3633
16106,1,3634
16108,1,3635
16113,1,3636
16114,1,3637
16116,1,3638
16117,1,3639
16123,1,3640
16124,1,3641
16127,1,3642
16134,1,3643
16135,1,3644
16140,1,3645
16141,1,3646
16142,1,3647
16144,1,3648
16147,1,3649
16148,1,3650
16152,1,3651
16159,1,3652
16162,1,3653
16163,1,3654
16171,1,3655
16177,1,3656
16178,1,3657
16179,1,3658
16181,1,3659
16183,1,3660
16190,1,3661
16193,1,3662
16198,1,3663
16204,1,3664
16207,1,3665
16211,1,3666
16213,1,3667
16215,1,3668
16216,1,3669
16222,1,3670
16227,1,3671
16236,1,3672
16244,1,3673
16247,1,3674
16248,1,3675
16250,1,3676
16256,1,3677
16257,1,3678
16260,1,3679
16272,1,3680
16275,1,3681
16276,1,3682
16278,1,3683
16281,1,3684
16282,1,3685
16287,1,3686
16292,1,3687
16297,1,3688
16302,1,3689
16305,1,3690
16315,1,3691
16318,1,3692
16319,1,3693
16323,1,3694
16337,1,3695
16338,1,3696
16339,1,3697
16340,1,3698
16344,1,3699
16345,1,3700
16349,1,3701
16351,1,3702
16363,1,3703
16366,1,3704
16367,1,3705
16377,1,3706
16380,1,3707
16387,1,3708
16392,1,3709
16400,1,3710
16402,1,3711
16403,1,3712
16404,1,3713
16406,1,3714
16411,1,3715
16412,1,3716
16413,1,3717
16415,1,3718
16423,1,3719
16424,1,3720
16425,1,3721
16429,1,3722
16430,1,3723
16432,1,3724
16433,1,3725
16445,1,3726
16447,1,3727
16448,1,3728
16450,1,3729
16451,1,3730
16457,1,3731
16461,1,3732
16468,1,3733
16471,1,3734
16480,1,3735
16482,1,3736
16483,1,3737
16485,1,3738
16491,1,3739
16494,1,3740
16504,1,3741
16505,1,3742
16509,1,3743
16516,1,3744
16517,1,3745
16519,1,3746
16526,1,3747
16527,1,3748
16528,1,3749
16529,1,3750
16535,1,3751
16536,1,3752
16542,1,3753
16545,1,3754
16546,1,3755
16552,1,3756
16560,1,3757
16563,1,3758
16569,1,3759
16574,1,3760
16581,1,3761
16582,1,3762
16586,1,3763
16587,1,3764
16591,1,3765
16594,1,3766
16595,1,3767
16596,1,3768
16597,1,3769
16598,1,3770
16601,1,3771
16602,1,3772
16610,1,3773
16611,1,3774
16613,1,3775
16614,1,3776
16617,1,3777
16619,1,3778
16623,1,3779
16625,1,3780
16627,1,3781
16634,1,3782
16641,1,3783
16643,1,3784
16648,1,3785
16650,1,3786
16659,1,3787
16666,1,3788
16680,1,3789
16697,1,3790
16708,1,3791
16715,1,3792
16720,1,3793
16721,1,3794
16732,1,3795
16737,1,3796
16738,1,3797
16739,1,3798
16742,1,3799
16751,1,3800
16753,1,3801
16756,1,3802
16757,1,3803
16758,1,3804
16761,1,3805
16763,1,3806
16765,1,3807
16769,1,3808
16773,1,3809
16776,1,3810
16784,1,3811
16789,1,3812
16793,1,3813
16796,1,3814
16800,1,3815
16803,1,3816
16805,1,3817
16810,1,3818
16820,1,3819
16823,1,3820
16826,1,3821
16828,1,3822
16829,1,3823
16830,1,3824
16834,1,3825
16835,1,3826
16846,1,3827
16847,1,3828
16848,1,3829
16849,1,3830
16850,1,3831
16856,1,3832
16863,1,3833
16878,1,3834
16881,1,3835
16883,1,3836
16887,1,3837
16895,1,3838
16902,1,3839
16903,1,3840
16909,1,3841
16913,1,3842
16914,1,3843
16916,1,3844
16917,1,3845
16921,1,3846
16932,1,3847
16936,1,3848
16947,1,3849
16953,1,3850
16956,1,3851
16959,1,3852
16961,1,3853
16963,1,3854
16965,1,3855
16967,1,3856
16971,1,3857
16976,1,3858
16978,1,3859
16982,1,3860
16988,1,3861
16990,1,3862
17010,1,3863
17011,1,3864
17022,1,3865
17025,1,3866
17026,1,3867
17030,1,3868
17037,1,3869
17038,1,3870
17040,1,3871
17044,1,3872
17046,1,3873
17051,1,3874
17052,1,3875
17053,1,3876
17060,1,3877
17062,1,3878
17070,1,3879
17079,1,3880
17094,1,3881
17102,1,3882
17110,1,3883
17111,1,3884
17117,1,3885
17118,1,3886
17120,1,3887
17122,1,3888
17123,1,3889
17124,1,3890
17125,1,3891
17128,1,3892
17138,1,3893
17140,1,3894
17142,1,3895
17148,1,3896
17153,1,3897
17154,1,3898
17165,1,3899
17171,1,3900
17172,1,3901
17174,1,3902
17176,1,3903
17181,1,3904
17187,1,3905
17189,1,3906
17194,1,3907
17197,1,3908
17198,1,3909
17201,1,3910
17205,1,3911
17206,1,3912
17212,1,3913
17217,1,3914
17219,1,3915
17222,1,3916
17223,1,3917
17226,1,3918
17233,1,3919
17234,1,3920
17235,1,3921
17239,1,3922
17244,1,3923
17245,1,3924
17247,1,3925
17248,1,3926
17253,1,3927
17259,1,3928
17263,1,3929
17274,1,3930
17278,1,3931
17279,1,3932
17286,1,3933
17291,1,3934
17297,1,3935
17301,1,3936
17309,1,3937
17313,1,3938
17325,1,3939
17331,1,3940
17333,1,3941
17339,1,3942
17344,1,3943
17347,1,3944
17349,1,3945
17354,1,3946
17356,1,3947
17358,1,3948
17359,1,3949
17367,1,3950
17379,1,3951
17382,1,3952
17383,1,3953
17385,1,3954
17392,1,3955
17394,1,3956
17403,1,3957
17408,1,3958
17415,1,3959
17427,1,3960
17430,1,3961
17431,1,3962
17433,1,3963
17438,1,3964
17455,1,3965
17458,1,3966
17464,1,3967
17475,1,3968
17480,1,3969
17486,1,3970
17492,1,3971
17498,1,3972
17499,1,3973
17506,1,3974
17508,1,3975
17510,1,3976
17513,1,3977
17514,1,3978
17517,1,3979
17520,1,3980
17531,1,3981
17534,1,3982
17535,1,3983
17536,1,3984
17538,1,3985
17542,1,3986
17548,1,3987
17553,1,3988
17556,1,3989
17561,1,3990
17569,1,3991
17574,1,3992
17578,1,3993
17582,1,3994
17597,1,3995
17600,1,3996
17601,1,3997
17603,1,3998
17614,1,3999
17619,1,4000
17620,1,4001
17623,1,4002
17628,1,4003
17636,1,4004
17639,1,4005
17640,1,4006
17647,1,4007
17649,1,4008
17650,1,4009
17654,1,4010
17660,1,4011
17670,1,4012
17674,1,4013
17678,1,4014
17680,1,4015
17684,1,4016
17693,1,4017
17694,1,4018
17697,1,4019
17698,1,4020
17701,1,4021
17709,1,4022
17712,1,4023
17714,1,4024
17715,1,4025
17718,1,4026
17727,1,4027
17746,1,4028
17747,1,4029
17760,1,4030
17761,1,4031
17763,1,4032
17767,1,4033
17775,1,4034
17785,1,4035
17789,1,4036
17791,1,4037
17793,1,4038
17805,1,4039
17806,1,4040
17824,1,4041
17831,1,4042
17832,1,4043
17836,1,4044
17839,1,4045
17843,1,4046
17846,1,4047
17859,1,4048
17862,1,4049
17866,1,4050
17871,1,4051
17877,1,4052
17878,1,4053
17879,1,4054
17881,1,4055
17885,1,4056
17887,1,4057
17890,1,4058
17891,1,4059
17893,1,4060
17895,1,4061
17896,1,4062
17897,1,4063
17899,1,4064
17901,1,4065
17904,1,4066
17906,1,4067
17911,1,4068
17912,1,4069
17913,1,4070
17914,1,4071
17919,1,4072
17923,1,4073
17936,1,4074
17939,1,4075
17941,1,4076
17942,1,4077
17947,1,4078
17948,1,4079
17950,1,4080
17951,1,4081
17956,1,4082
17957,1,4083
17958,1,4084
17960,1,4085
17962,1,4086
17964,1,4087
17969,1,4088
17970,1,4089
17972,1,4090
17973,1,4091
17977,1,4092
17984,1,4093
17985,1,4094
17986,1,4095
17987,1,4096
17990,1,4097
17995,1,4098
17999,1,4099
18006,1,4100
18009,1,4101
18010,1,4102
18014,1,4103
18015,1,4104
18019,1,4105
18022,1,4106
18027,1,4107
18032,1,4108
18033,1,4109
18042,1,4110
18045,1,4111
18053,1,4112
18056,1,4113
18058,1,4114
18066,1,4115
18067,1,4116
18068,1,4117
18071,1,4118
18072,1,4119
18082,1,4120
18084,1,4121
18085,1,4122
18086,1,4123
18088,1,4124
18099,1,4125
18104,1,4126
18105,1,4127
18106,1,4128
18108,1,4129
18110,1,4130
18114,1,4131
18117,1,4132
18120,1,4133
18126,1,4134
18129,1,4135
18133,1,4136
18138,1,4137
18156,1,4138
18159,1,4139
18164,1,4140
18165,1,4141
18169,1,4142
18174,1,4143
18181,1,4144
18184,1,4145
18185,1,4146
18191,1,4147
18192,1,4148
18193,1,4149
18194,1,4150
18200,1,4151
18203,1,4152
18209,1,4153
18212,1,4154
18213,1,4155
18215,1,4156
18216,1,4157
18220,1,4158
18222,1,4159
18224,1,4160
18227,1,4161
18233,1,4162
18240,1,4163
18249,1,4164
18250,1,4165
18251,1,4166
18255,1,4167
18262,1,4168
18268,1,4169
18274,1,4170
18276,1,4171
18277,1,4172
18278,1,4173
18280,1,4174
18281,1,4175